Date,PM2.5
2018-01-01,63.349999999999994
2018-01-02,43.88
2018-01-03,16.25
2018-01-04,25.55
2018-01-05,18.5
2018-01-06,16.25
2018-01-07,29.0
2018-01-08,15.62
2018-01-09,6.050000000000001
2018-01-10,14.6
2018-01-11,24.75
2018-01-12,30.85
2018-01-13,10.0
2018-01-14,8.459999999999999
2018-01-15,22.1
2018-01-16,29.45
2018-01-17,25.049999999999997
2018-01-18,21.049999999999997
2018-01-19,18.1
2018-01-20,3.22
2018-01-21,7.5
2018-01-22,10.0
2018-01-23,9.0
2018-01-24,9.05
2018-01-25,11.2
2018-01-26,9.2
2018-01-27,8.35
2018-01-28,9.85
2018-01-29,8.6
2018-01-30,7.3
2018-01-31,16.2
2018-02-01,25.619999999999997
2018-02-02,26.65
2018-02-03,27.45
2018-02-04,28.5
2018-02-05,27.65
2018-02-06,36.45
2018-02-07,14.16
2018-02-08,10.3
2018-02-09,18.0
2018-02-10,17.25
2018-02-11,16.799999999999997
2018-02-12,8.9
2018-02-13,6.04
2018-02-14,8.55
2018-02-15,11.95
2018-02-16,7.9
2018-02-17,10.5
2018-02-18,11.15
2018-02-19,3.6599999999999993
2018-02-20,4.85
2018-02-21,7.25
2018-02-22,7.300000000000001
2018-02-23,4.25
2018-02-24,6.8
2018-02-25,6.88
2018-02-26,7.3
2018-02-27,5.8
2018-02-28,10.350000000000001
2018-03-01,8.7
2018-03-02,7.85
2018-03-03,5.875
2018-03-04,8.5
2018-03-05,7.7
2018-03-06,7.8
2018-03-07,12.3
2018-03-08,15.299999999999999
2018-03-09,13.775
2018-03-10,12.4
2018-03-11,5.65
2018-03-12,17.1
2018-03-13,14.25
2018-03-14,4.45
2018-03-15,3.8599999999999994
2018-03-16,5.449999999999999
2018-03-17,3.55
2018-03-18,6.05
2018-03-19,7.9
2018-03-20,11.2
2018-03-21,10.74
2018-03-22,9.65
2018-03-23,7.65
2018-03-24,9.1
2018-03-25,6.25
2018-03-26,6.25
2018-03-27,7.26
2018-03-28,11.55
2018-03-29,20.200000000000003
2018-03-30,20.65
2018-03-31,24.8
2018-04-01,24.85
2018-04-02,11.6
2018-04-03,13.399999999999999
2018-04-04,24.45
2018-04-05,32.1
2018-04-06,12.05
2018-04-07,10.7
2018-04-08,11.5
2018-04-09,14.2
2018-04-10,17.0
2018-04-11,14.85
2018-04-12,6.25
2018-04-13,7.8
2018-04-14,12.34
2018-04-15,14.7
2018-04-16,8.75
2018-04-17,4.9
2018-04-18,8.6
2018-04-19,7.199999999999999
2018-04-20,11.3
2018-04-21,17.8
2018-04-22,19.7
2018-04-23,24.700000000000003
2018-04-24,28.799999999999997
2018-04-25,22.200000000000003
2018-04-26,16.419999999999998
2018-04-27,17.15
2018-04-28,13.7
2018-04-29,10.8
2018-04-30,10.45
2018-05-01,11.45
2018-05-02,10.26
2018-05-03,12.55
2018-05-04,14.25
2018-05-05,16.1
2018-05-06,16.5
2018-05-07,16.7
2018-05-08,16.54
2018-05-09,22.6
2018-05-10,17.950000000000003
2018-05-11,10.0
2018-05-12,7.199999999999999
2018-05-13,7.25
2018-05-14,10.08
2018-05-15,9.1
2018-05-16,7.8
2018-05-17,8.5
2018-05-18,11.5
2018-05-19,13.55
2018-05-20,9.940000000000001
2018-05-21,11.0
2018-05-22,10.25
2018-05-23,8.4
2018-05-24,8.05
2018-05-25,4.4
2018-05-26,6.779999999999999
2018-05-27,11.95
2018-05-28,16.6
2018-05-29,17.4
2018-05-30,6.4
2018-05-31,8.75
2018-06-01,11.72
2018-06-02,14.0
2018-06-03,17.7
2018-06-04,20.05
2018-06-05,15.55
2018-06-06,17.6
2018-06-07,12.825000000000001
2018-06-08,16.65
2018-06-09,16.35
2018-06-10,15.2
2018-06-11,16.85
2018-06-12,18.5
2018-06-13,15.84
2018-06-14,21.15
2018-06-15,17.85
2018-06-16,10.15
2018-06-17,6.949999999999999
2018-06-18,9.149999999999999
2018-06-19,12.88
2018-06-20,21.95
2018-06-21,21.5
2018-06-22,22.75
2018-06-23,13.7
2018-06-24,11.600000000000001
2018-06-25,12.379999999999999
2018-06-26,11.9
2018-06-27,15.350000000000001
2018-06-28,15.600000000000001
2018-06-29,13.35
2018-06-30,11.2
2018-07-01,8.325
2018-07-02,7.75
2018-07-03,9.25
2018-07-04,18.4
2018-07-05,17.75
2018-07-06,17.35
2018-07-07,17.6
2018-07-08,17.5
2018-07-09,19.65
2018-07-10,16.5
2018-07-11,14.25
2018-07-12,12.399999999999999
2018-07-13,9.12
2018-07-14,11.2
2018-07-15,14.0
2018-07-16,14.2
2018-07-17,17.4
2018-07-18,14.9
2018-07-19,11.38
2018-07-20,6.75
2018-07-21,6.05
2018-07-22,8.05
2018-07-23,14.100000000000001
2018-07-24,19.15
2018-07-25,19.9
2018-07-26,21.9
2018-07-27,22.05
2018-07-28,16.95
2018-07-29,14.35
2018-07-30,9.95
2018-07-31,9.68
2018-08-01,10.1
2018-08-02,13.0
2018-08-03,17.9
2018-08-04,17.3
2018-08-05,17.95
2018-08-06,17.34
2018-08-07,18.950000000000003
2018-08-08,13.05
2018-08-09,14.0
2018-08-10,11.5
2018-08-11,10.95
2018-08-12,9.9
2018-08-13,11.45
2018-08-14,9.4
2018-08-15,11.3
2018-08-16,15.0
2018-08-17,17.4
2018-08-18,18.04
2018-08-19,20.6
2018-08-20,19.35
2018-08-21,20.450000000000003
2018-08-22,17.75
2018-08-23,21.35
2018-08-24,29.060000000000002
2018-08-25,32.35
2018-08-26,23.4
2018-08-27,22.4
2018-08-28,17.4
2018-08-29,11.899999999999999
2018-08-30,13.319999999999999
2018-08-31,17.9
2018-09-01,17.55
2018-09-02,14.4
2018-09-03,12.3
2018-09-04,11.45
2018-09-05,9.4
2018-09-06,9.35
2018-09-07,16.0
2018-09-08,19.5
2018-09-09,21.4
2018-09-10,16.25
2018-09-11,14.4
2018-09-12,14.3
2018-09-13,15.7
2018-09-14,12.75
2018-09-15,13.75
2018-09-16,11.75
2018-09-17,11.325
2018-09-18,13.0
2018-09-19,15.6
2018-09-20,18.4
2018-09-21,18.05
2018-09-22,13.2
2018-09-23,11.52
2018-09-24,15.100000000000001
2018-09-25,16.35
2018-09-26,17.0
2018-09-27,20.05
2018-09-28,24.35
2018-09-29,10.86
2018-09-30,11.7
2018-10-01,10.05
2018-10-02,9.25
2018-10-03,7.1
2018-10-04,6.1
2018-10-05,6.92
2018-10-06,11.95
2018-10-07,11.649999999999999
2018-10-08,12.3
2018-10-09,10.600000000000001
2018-10-10,10.2
2018-10-11,7.640000000000001
2018-10-12,8.4
2018-10-13,6.1000000000000005
2018-10-14,9.799999999999999
2018-10-15,8.0
2018-10-16,9.15
2018-10-17,8.525
2018-10-18,8.0
2018-10-19,7.625
2018-10-20,7.25
2018-10-21,13.5
2018-10-22,20.45
2018-10-23,24.060000000000002
2018-10-24,20.0
2018-10-25,26.35
2018-10-26,20.1
2018-10-27,24.75
2018-10-28,29.65
2018-10-29,42.2
2018-10-30,20.45
2018-10-31,15.399999999999999
2018-11-01,12.05
2018-11-02,11.2
2018-11-03,14.850000000000001
2018-11-04,23.080000000000002
2018-11-05,20.65
2018-11-06,11.6
2018-11-07,14.649999999999999
2018-11-08,18.799999999999997
2018-11-09,11.25
2018-11-10,27.860000000000003
2018-11-11,41.900000000000006
2018-11-12,12.2
2018-11-13,10.6
2018-11-14,10.9
2018-11-15,9.8
2018-11-16,16.04
2018-11-17,23.15
2018-11-18,32.25
2018-11-19,23.75
2018-11-20,22.5
2018-11-21,23.65
2018-11-22,7.720000000000001
2018-11-23,12.149999999999999
2018-11-24,15.8
2018-11-25,13.100000000000001
2018-11-26,6.3
2018-11-27,7.3
2018-11-28,9.3
2018-11-29,5.35
2018-11-30,6.65
2018-12-01,7.05
2018-12-02,3.9
2018-12-03,8.55
2018-12-04,7.640000000000001
2018-12-05,6.57
2018-12-06,5.5
2018-12-07,6.199999999999999
2018-12-08,8.0
2018-12-09,8.4
2018-12-10,10.84
2018-12-11,16.9
2018-12-12,19.85
2018-12-13,11.75
2018-12-14,10.1
2018-12-15,12.0
2018-12-16,16.16
2018-12-17,10.149999999999999
2018-12-18,12.05
2018-12-19,15.8
2018-12-20,13.65
2018-12-21,20.95
2018-12-22,30.8
2018-12-23,41.25
2018-12-24,39.75
2018-12-25,5.1
2018-12-26,9.2
2018-12-27,7.6499999999999995
2018-12-28,4.62
2018-12-29,9.9
2018-12-30,14.0
2018-12-31,12.8
2019-01-01,18.5
2019-01-02,10.5
2019-01-03,9.8
2019-01-04,17.35
2019-01-05,20.0
2019-01-06,7.45
2019-01-07,7.4
2019-01-08,8.4
2019-01-09,14.580000000000002
2019-01-10,13.75
2019-01-11,24.25
2019-01-12,8.05
2019-01-13,8.8
2019-01-14,5.5
2019-01-15,4.96
2019-01-16,4.050000000000001
2019-01-17,5.4
2019-01-18,13.75
2019-01-19,8.75
2019-01-20,7.2
2019-01-21,3.4200000000000004
2019-01-22,6.9
2019-01-23,8.25
2019-01-24,9.350000000000001
2019-01-25,8.05
2019-01-26,8.4
2019-01-27,9.0
2019-01-28,25.049999999999997
2019-01-29,32.0
2019-01-30,20.950000000000003
2019-01-31,16.15
2019-02-01,8.05
2019-02-02,4.7
2019-02-03,5.449999999999999
2019-02-04,5.2
2019-02-05,3.4000000000000004
2019-02-06,2.75
2019-02-07,8.8
2019-02-08,10.280000000000001
2019-02-09,8.1
2019-02-10,4.05
2019-02-11,6.65
2019-02-12,8.15
2019-02-13,7.75
2019-02-14,5.720000000000001
2019-02-15,6.65
2019-02-16,4.05
2019-02-17,3.65
2019-02-18,2.85
2019-02-19,4.7
2019-02-20,7.720000000000001
2019-02-21,5.95
2019-02-22,6.55
2019-02-23,7.9
2019-02-24,9.899999999999999
2019-02-25,13.55
2019-02-26,18.775
2019-02-27,13.9
2019-02-28,12.7
2019-03-01,12.8
2019-03-02,5.7
2019-03-03,4.05
2019-03-04,4.375
2019-03-05,11.6
2019-03-06,6.35
2019-03-07,4.3
2019-03-08,4.45
2019-03-09,6.65
2019-03-10,7.175
2019-03-11,6.45
2019-03-12,8.9
2019-03-13,9.5
2019-03-14,7.4
2019-03-15,6.0
2019-03-16,7.539999999999999
2019-03-17,8.2
2019-03-18,13.6
2019-03-19,16.549999999999997
2019-03-20,6.7
2019-03-21,6.7
2019-03-22,6.9
2019-03-23,9.25
2019-03-24,10.65
2019-03-25,12.85
2019-03-26,12.3
2019-03-27,9.45
2019-03-28,5.6
2019-03-29,9.7
2019-03-30,9.15
2019-03-31,8.95
2019-04-01,9.4
2019-04-02,9.899999999999999
2019-04-03,4.2
2019-04-04,4.4
2019-04-05,3.15
2019-04-06,6.15
2019-04-07,11.15
2019-04-08,12.75
2019-04-09,10.620000000000001
2019-04-10,3.1999999999999997
2019-04-11,11.0
2019-04-12,10.25
2019-04-13,11.45
2019-04-14,12.649999999999999
2019-04-15,12.32
2019-04-16,9.25
2019-04-17,10.5
2019-04-18,14.3
2019-04-19,19.450000000000003
2019-04-20,9.8
2019-04-21,7.580000000000001
2019-04-22,14.55
2019-04-23,20.05
2019-04-24,19.299999999999997
2019-04-25,20.9
2019-04-26,21.2
2019-04-27,18.78
2019-04-28,12.9
2019-04-29,7.199999999999999
2019-04-30,6.449999999999999
2019-05-01,9.45
2019-05-02,15.2
2019-05-03,17.82
2019-05-04,18.35
2019-05-05,12.65
2019-05-06,5.25
2019-05-07,4.949999999999999
2019-05-08,5.7
2019-05-09,7.780000000000001
2019-05-10,6.35
2019-05-11,7.5
2019-05-12,9.8
2019-05-13,11.5
2019-05-14,17.4
2019-05-15,12.919999999999998
2019-05-16,7.15
2019-05-17,9.1
2019-05-18,9.9
2019-05-19,5.25
2019-05-20,5.45
2019-05-21,8.08
2019-05-22,7.75
2019-05-23,11.25
2019-05-24,8.9
2019-05-25,9.45
2019-05-26,6.35
2019-05-27,6.42
2019-05-28,9.65
2019-05-29,12.05
2019-05-30,20.35
2019-05-31,19.45
2019-06-01,10.0
2019-06-02,7.540000000000001
2019-06-03,10.350000000000001
2019-06-04,17.35
2019-06-05,17.799999999999997
2019-06-06,13.15
2019-06-07,10.6
2019-06-08,11.82
2019-06-09,14.75
2019-06-10,13.1
2019-06-11,14.350000000000001
2019-06-12,16.45
2019-06-13,17.75
2019-06-14,12.440000000000001
2019-06-15,12.350000000000001
2019-06-16,13.45
2019-06-17,8.85
2019-06-18,11.0
2019-06-19,11.1
2019-06-20,9.379999999999999
2019-06-21,4.7
2019-06-22,6.9
2019-06-23,10.45
2019-06-24,13.05
2019-06-25,11.25
2019-06-26,8.440000000000001
2019-06-27,11.8
2019-06-28,12.45
2019-06-29,12.8
2019-06-30,13.55
2019-07-01,14.65
2019-07-02,15.36
2019-07-03,15.15
2019-07-04,25.05
2019-07-05,30.65
2019-07-06,17.5
2019-07-07,12.65
2019-07-08,11.120000000000001
2019-07-09,13.899999999999999
2019-07-10,13.9
2019-07-11,15.899999999999999
2019-07-12,16.4
2019-07-13,18.9
2019-07-14,17.3
2019-07-15,19.0
2019-07-16,19.200000000000003
2019-07-17,14.100000000000001
2019-07-18,12.95
2019-07-19,9.1
2019-07-20,9.9
2019-07-21,9.149999999999999
2019-07-22,13.75
2019-07-23,12.65
2019-07-24,13.0
2019-07-25,16.1
2019-07-26,15.86
2019-07-27,14.55
2019-07-28,14.700000000000001
2019-07-29,16.8
2019-07-30,16.0
2019-07-31,16.2
2019-08-01,12.16
2019-08-02,13.0
2019-08-03,14.25
2019-08-04,12.05
2019-08-05,12.25
2019-08-06,13.95
2019-08-07,14.34
2019-08-08,15.350000000000001
2019-08-09,14.8
2019-08-10,11.0
2019-08-11,8.55
2019-08-12,12.2
2019-08-13,15.719999999999999
2019-08-14,13.75
2019-08-15,14.149999999999999
2019-08-16,14.45
2019-08-17,8.8
2019-08-18,8.35
2019-08-19,11.72
2019-08-20,11.8
2019-08-21,12.95
2019-08-22,14.3
2019-08-23,13.25
2019-08-24,12.6
2019-08-25,9.98
2019-08-26,11.75
2019-08-27,11.850000000000001
2019-08-28,13.100000000000001
2019-08-29,14.0
2019-08-30,13.8
2019-08-31,14.55
2019-09-01,15.799999999999999
2019-09-02,12.8
2019-09-03,12.149999999999999
2019-09-04,10.95
2019-09-05,12.55
2019-09-06,11.36
2019-09-07,10.7
2019-09-08,10.2
2019-09-09,12.45
2019-09-10,10.9
2019-09-11,13.65
2019-09-12,14.319999999999999
2019-09-13,14.2
2019-09-14,15.299999999999999
2019-09-15,18.4
2019-09-16,15.0
2019-09-17,13.05
2019-09-18,9.825
2019-09-19,8.1
2019-09-20,9.5
2019-09-21,11.9
2019-09-22,13.3
2019-09-23,13.3
2019-09-24,13.9
2019-09-25,11.3
2019-09-26,11.45
2019-09-27,8.350000000000001
2019-09-28,5.35
2019-09-29,7.45
2019-09-30,8.76
2019-10-01,9.9
2019-10-02,11.45
2019-10-03,12.8
2019-10-04,12.7
2019-10-05,14.75
2019-10-06,15.24
2019-10-07,13.85
2019-10-08,14.350000000000001
2019-10-09,14.65
2019-10-10,13.8
2019-10-11,11.0
2019-10-12,20.44
2019-10-13,18.1
2019-10-14,14.7
2019-10-15,17.2
2019-10-16,12.9
2019-10-17,15.25
2019-10-18,11.040000000000001
2019-10-19,12.5
2019-10-20,10.7
2019-10-21,7.45
2019-10-22,9.3
2019-10-23,13.8
2019-10-24,13.040000000000001
2019-10-25,10.15
2019-10-26,9.1
2019-10-27,12.6
2019-10-28,15.899999999999999
2019-10-29,13.5
2019-10-30,9.82
2019-10-31,9.55
2019-11-01,9.45
2019-11-02,20.049999999999997
2019-11-03,19.5
2019-11-04,18.4
2019-11-05,16.96
2019-11-06,24.8
2019-11-07,38.7
2019-11-08,17.55
2019-11-09,9.85
2019-11-10,21.7
2019-11-11,30.24
2019-11-12,25.5
2019-11-13,28.55
2019-11-14,25.5
2019-11-15,21.85
2019-11-16,18.5
2019-11-17,9.18
2019-11-18,7.300000000000001
2019-11-19,12.75
2019-11-20,6.5
2019-11-21,8.15
2019-11-22,11.2
2019-11-23,9.379999999999999
2019-11-24,9.6
2019-11-25,13.149999999999999
2019-11-26,12.05
2019-11-27,6.35
2019-11-28,2.9000000000000004
2019-11-29,6.45
2019-11-30,6.75
2019-12-01,6.05
2019-12-02,9.85
2019-12-03,14.3
2019-12-04,8.75
2019-12-05,8.6
2019-12-06,10.3
2019-12-07,6.4
2019-12-08,8.65
2019-12-09,10.8
2019-12-10,12.85
2019-12-11,12.540000000000001
2019-12-12,26.1
2019-12-13,31.049999999999997
2019-12-14,27.200000000000003
2019-12-15,4.85
2019-12-16,6.9
2019-12-17,6.42
2019-12-18,7.6
2019-12-19,15.1
2019-12-20,7.75
2019-12-21,10.4
2019-12-22,10.1
2019-12-23,5.25
2019-12-24,9.4
2019-12-25,6.800000000000001
2019-12-26,5.15
2019-12-27,8.15
2019-12-28,11.85
2019-12-29,15.719999999999999
2019-12-30,11.05
2019-12-31,12.0
2020-01-01,18.0
2020-01-02,18.0
2020-01-03,13.55
2020-01-04,20.9
2020-01-05,16.1
2020-01-06,8.55
2020-01-07,6.7
2020-01-08,13.5
2020-01-09,11.2
2020-01-10,12.459999999999999
2020-01-11,15.649999999999999
2020-01-12,16.85
2020-01-13,19.15
2020-01-14,18.8
2020-01-15,30.5
2020-01-16,25.2
2020-01-17,7.199999999999999
2020-01-18,6.8
2020-01-19,8.25
2020-01-20,17.25
2020-01-21,8.75
2020-01-22,14.24
2020-01-23,11.5
2020-01-24,13.85
2020-01-25,31.9
2020-01-26,42.75
2020-01-27,21.95
2020-01-28,9.175
2020-01-29,7.55
2020-01-30,8.4
2020-01-31,9.55
2020-02-01,8.100000000000001
2020-02-02,11.25
2020-02-03,3.4400000000000004
2020-02-04,7.25
2020-02-05,5.800000000000001
2020-02-06,11.2
2020-02-07,16.0
2020-02-08,22.0
2020-02-09,13.12
2020-02-10,7.300000000000001
2020-02-11,7.9
2020-02-12,10.2
2020-02-13,14.1
2020-02-14,17.200000000000003
2020-02-15,18.48
2020-02-16,17.799999999999997
2020-02-17,21.35
2020-02-18,22.75
2020-02-19,26.65
2020-02-20,17.5
2020-02-21,12.0
2020-02-22,6.55
2020-02-23,9.75
2020-02-24,14.8
2020-02-25,11.45
2020-02-26,9.1
2020-02-27,8.18
2020-02-28,6.199999999999999
2020-02-29,9.75
2020-03-01,7.9
2020-03-02,5.2
2020-03-03,7.35
2020-03-04,15.24
2020-03-05,16.9
2020-03-06,19.2
2020-03-07,4.55
2020-03-08,3.4
2020-03-09,4.7
2020-03-10,4.26
2020-03-11,4.85
2020-03-12,7.65
2020-03-13,6.15
2020-03-14,6.65
2020-03-15,4.699999999999999
2020-03-16,6.4799999999999995
2020-03-17,4.55
2020-03-18,5.3
2020-03-19,4.85
2020-03-20,4.15
2020-03-21,4.2
2020-03-22,4.06
2020-03-23,3.05
2020-03-24,4.2
2020-03-25,2.8499999999999996
2020-03-26,3.4499999999999997
2020-03-27,5.9
2020-03-28,6.866666666666667
2020-03-29,8.65
2020-03-30,7.65
2020-03-31,9.45
2020-04-01,11.399999999999999
2020-04-02,10.1
2020-04-03,10.55
2020-04-04,10.5
2020-04-05,3.2
2020-04-06,1.7
2020-04-07,3.2
2020-04-08,2.85
2020-04-09,1.5999999999999999
2020-04-10,2.35
2020-04-11,6.6
2020-04-12,5.6
2020-04-13,4.35
2020-04-14,8.25
2020-04-15,7.433333333333334
2020-04-16,10.3
2020-04-17,5.8
2020-04-18,4.85
2020-04-19,4.65
2020-04-20,7.15
2020-04-21,8.833333333333334
2020-04-22,9.85
2020-04-23,14.5
2020-04-24,12.0
2020-04-25,13.0
2020-04-26,15.55
2020-04-27,13.333333333333334
2020-04-28,15.15
2020-04-29,19.1
2020-04-30,16.8
2020-05-01,12.15
2020-05-02,10.55
2020-05-03,9.1
2020-05-04,14.1
2020-05-05,14.0
2020-05-06,12.9
2020-05-07,15.7
2020-05-08,20.9
2020-05-09,19.03333333333333
2020-05-10,13.7
2020-05-11,8.899999999999999
2020-05-12,5.6
2020-05-13,6.800000000000001
2020-05-14,8.45
2020-05-15,9.733333333333334
2020-05-16,10.8
2020-05-17,10.5
2020-05-18,3.4
2020-05-19,5.5
2020-05-20,6.9
2020-05-21,9.700000000000001
2020-05-22,11.45
2020-05-23,11.75
2020-05-24,17.0
2020-05-25,18.049999999999997
2020-05-26,15.6
2020-05-27,14.666666666666666
2020-05-28,11.2
2020-05-29,6.35
2020-05-30,4.550000000000001
2020-05-31,7.85
2020-06-01,9.9
2020-06-02,12.6
2020-06-03,13.7
2020-06-04,13.649999999999999
2020-06-05,6.55
2020-06-06,6.85
2020-06-07,7.800000000000001
2020-06-08,4.1000000000000005
2020-06-09,3.3
2020-06-10,8.8
2020-06-11,11.35
2020-06-12,10.3
2020-06-13,9.05
2020-06-14,9.5
2020-06-15,10.35
2020-06-16,9.6
2020-06-17,8.600000000000001
2020-06-18,9.6
2020-06-19,10.85
2020-06-20,8.366666666666667
2020-06-21,9.15
2020-06-22,12.399999999999999
2020-06-23,12.9
2020-06-24,12.05
2020-06-25,10.05
2020-06-26,7.8
2020-06-27,11.95
2020-06-28,3.75
2020-06-29,5.7
2020-06-30,8.7
2020-07-01,11.9
2020-07-02,9.66
2020-07-03,11.95
2020-07-04,75.05
2020-07-05,148.9
2020-07-06,19.6
2020-07-07,17.75
2020-07-08,17.32
2020-07-09,18.15
2020-07-10,17.6
2020-07-11,12.2
2020-07-12,13.55
2020-07-13,17.1
2020-07-14,14.84
2020-07-15,10.5
2020-07-16,9.35
2020-07-17,6.55
2020-07-18,5.05
2020-07-19,8.2
2020-07-20,8.459999999999999
2020-07-21,11.5
2020-07-22,7.75
2020-07-23,8.7
2020-07-24,8.6
2020-07-25,10.7
2020-07-26,9.940000000000001
2020-07-27,10.45
2020-07-28,10.7
2020-07-29,11.55
2020-07-30,11.7
2020-07-31,15.85
2020-08-01,17.24
2020-08-02,16.85
2020-08-03,18.5
2020-08-04,14.25
2020-08-05,10.899999999999999
2020-08-06,11.05
2020-08-07,10.379999999999999
2020-08-08,13.2
2020-08-09,10.6
2020-08-10,8.45
2020-08-11,8.55
2020-08-12,10.4
2020-08-13,9.559999999999999
2020-08-14,13.3
2020-08-15,17.9
2020-08-16,14.15
2020-08-17,16.85
2020-08-18,18.25
2020-08-19,16.419999999999998
2020-08-20,16.8
2020-08-21,18.1
2020-08-22,23.65
2020-08-23,18.0
2020-08-24,11.7
2020-08-25,11.225000000000001
2020-08-26,11.8
2020-08-27,18.200000000000003
2020-08-28,13.55
2020-08-29,10.55
2020-08-30,11.2
2020-08-31,10.26
2020-09-01,9.2
2020-09-02,11.2
2020-09-03,17.05
2020-09-04,21.6
2020-09-05,25.35
2020-09-06,16.14
2020-09-07,19.25
2020-09-08,14.9
2020-09-09,15.5
2020-09-10,32.2
2020-09-11,50.650000000000006
2020-09-12,56.3
2020-09-13,48.55
2020-09-14,58.8
2020-09-15,58.95
2020-09-16,37.85
2020-09-17,24.35
2020-09-18,25.22
2020-09-19,15.4
2020-09-20,17.85
2020-09-21,18.6
2020-09-22,18.5
2020-09-23,17.55
2020-09-24,18.22
2020-09-25,20.4
2020-09-26,16.85
2020-09-27,16.55
2020-09-28,18.05
2020-09-29,14.35
2020-09-30,14.02
2020-10-01,21.9
2020-10-02,23.35
2020-10-03,28.049999999999997
2020-10-04,40.400000000000006
2020-10-05,43.15
2020-10-06,34.44
2020-10-07,28.4
2020-10-08,21.25
2020-10-09,17.799999999999997
2020-10-10,13.95
2020-10-11,11.55
2020-10-12,14.6
2020-10-13,14.45
2020-10-14,18.049999999999997
2020-10-15,20.35
2020-10-16,18.85
2020-10-17,17.8
2020-10-18,23.5
2020-10-19,19.55
2020-10-20,27.1
2020-10-21,33.55
2020-10-22,12.1
2020-10-23,10.35
2020-10-24,8.66
2020-10-25,6.2
2020-10-26,25.75
2020-10-27,29.6
2020-10-28,20.0
2020-10-29,21.25
2020-10-30,17.259999999999998
2020-10-31,22.25
2020-11-01,22.0
2020-11-02,24.299999999999997
2020-11-03,37.650000000000006
2020-11-04,25.05
2020-11-05,13.26
2020-11-06,13.5
2020-11-07,6.0
2020-11-08,6.85
2020-11-09,8.15
2020-11-10,8.45
2020-11-11,13.3
2020-11-12,14.149999999999999
2020-11-13,17.15
2020-11-14,19.4
2020-11-15,10.5
2020-11-16,7.4
2020-11-17,16.759999999999998
2020-11-18,11.9
2020-11-19,15.2
2020-11-20,15.95
2020-11-21,15.25
2020-11-22,23.799999999999997
2020-11-23,26.6
2020-11-24,19.25
2020-11-25,18.15
2020-11-26,17.85
2020-11-27,10.0
2020-11-28,10.7
2020-11-29,8.76
2020-11-30,8.75
2020-12-01,11.2
2020-12-02,18.3
2020-12-03,11.8
2020-12-04,9.2
2020-12-05,17.44
2020-12-06,15.55
2020-12-07,15.85
2020-12-08,11.15
2020-12-09,12.0
2020-12-10,13.85
2020-12-11,19.44
2020-12-12,22.25
2020-12-13,9.7
2020-12-14,7.2
2020-12-15,7.5
2020-12-16,7.95
2020-12-17,12.72
2020-12-18,11.850000000000001
2020-12-19,10.75
2020-12-20,9.0
2020-12-21,7.6
2020-12-22,17.25
2020-12-23,23.94
2020-12-24,6.5
2020-12-25,6.55
2020-12-26,13.9
2020-12-27,18.25
2020-12-28,3.2
2020-12-29,7.1
2020-12-30,8.85
2020-12-31,8.65
2021-01-01,19.5
2021-01-02,13.2
2021-01-03,18.35
2021-01-04,19.06
2021-01-05,24.4
2021-01-06,16.05
2021-01-07,15.45
2021-01-08,19.3
2021-01-09,18.25
2021-01-10,7.8
2021-01-11,9.2
2021-01-12,10.5
2021-01-13,10.2
2021-01-14,13.05
2021-01-15,12.7
2021-01-16,13.319999999999999
2021-01-17,10.1
2021-01-18,13.95
2021-01-19,10.0
2021-01-20,8.2
2021-01-21,9.1
2021-01-22,7.5
2021-01-23,6.6
2021-01-24,9.85
2021-01-25,2.15
2021-01-26,5.8
2021-01-27,6.85
2021-01-28,6.62
2021-01-29,4.75
2021-01-30,8.649999999999999
2021-01-31,8.05
2021-02-01,8.5
2021-02-02,11.45
2021-02-03,11.24
2021-02-04,14.35
2021-02-05,12.55
2021-02-06,18.200000000000003
2021-02-07,23.4
2021-02-08,23.7
2021-02-09,15.680000000000001
2021-02-10,19.3
2021-02-11,20.8
2021-02-12,9.899999999999999
2021-02-13,8.25
2021-02-14,2.5
2021-02-15,9.16
2021-02-16,8.05
2021-02-17,6.55
2021-02-18,8.3
2021-02-19,9.85
2021-02-20,9.850000000000001
2021-02-21,6.659999999999999
2021-02-22,6.9
2021-02-23,7.95
2021-02-24,12.95
2021-02-25,14.85
2021-02-26,9.8
2021-02-27,11.620000000000001
2021-02-28,10.350000000000001
2021-03-01,5.4
2021-03-02,6.45
2021-03-03,9.45
2021-03-04,8.45
2021-03-05,10.14
2021-03-06,12.05
2021-03-07,8.899999999999999
2021-03-08,6.75
2021-03-09,7.15
2021-03-10,3.35
2021-03-11,3.22
2021-03-12,6.65
2021-03-13,11.6
2021-03-14,10.25
2021-03-15,3.7
2021-03-16,5.15
2021-03-17,10.08
2021-03-18,13.2
2021-03-19,10.2
2021-03-20,9.1
2021-03-21,9.100000000000001
2021-03-22,9.2
2021-03-23,7.659999999999999
2021-03-24,4.8
2021-03-25,9.3
2021-03-26,8.399999999999999
2021-03-27,12.65
2021-03-28,8.35
2021-03-29,11.74
2021-03-30,16.8
2021-03-31,12.95
2021-04-01,9.25
2021-04-02,14.25
2021-04-03,20.25
2021-04-04,15.4
2021-04-05,12.65
2021-04-06,14.2
2021-04-07,14.9
2021-04-08,15.05
2021-04-09,16.7
2021-04-10,17.675
2021-04-11,20.5
2021-04-12,18.4
2021-04-13,13.3
2021-04-14,13.75
2021-04-15,16.25
2021-04-16,16.7
2021-04-17,19.6
2021-04-18,10.55
2021-04-19,13.8
2021-04-20,17.75
2021-04-21,11.3
2021-04-22,8.075
2021-04-23,11.2
2021-04-24,11.100000000000001
2021-04-25,8.3
2021-04-26,5.4
2021-04-27,8.0
2021-04-28,10.75
2021-04-29,14.6
2021-04-30,15.899999999999999
2021-05-01,17.4
2021-05-02,12.95
2021-05-03,17.049999999999997
2021-05-04,18.8
2021-05-05,20.2
2021-05-06,18.6
2021-05-07,13.9
2021-05-08,13.75
2021-05-09,16.75
2021-05-10,13.14
2021-05-11,14.3
2021-05-12,13.2
2021-05-13,11.350000000000001
2021-05-14,12.75
2021-05-15,9.05
2021-05-16,4.54
2021-05-17,7.300000000000001
2021-05-18,10.55
2021-05-19,13.05
2021-05-20,14.3
2021-05-21,11.6
2021-05-22,10.92
2021-05-23,12.85
2021-05-24,13.3
2021-05-25,15.35
2021-05-26,17.200000000000003
2021-05-27,16.25
2021-05-28,14.959999999999999
2021-05-29,13.799999999999999
2021-05-30,13.2
2021-05-31,14.6
2021-06-01,17.5
2021-06-02,13.850000000000001
2021-06-03,12.0
2021-06-04,12.0
2021-06-05,11.0
2021-06-06,8.65
2021-06-07,6.6
2021-06-08,8.25
2021-06-09,9.5
2021-06-10,10.149999999999999
2021-06-11,15.05
2021-06-12,15.2
2021-06-13,12.55
2021-06-14,12.35
2021-06-15,14.66
2021-06-16,18.0
2021-06-17,18.55
2021-06-18,19.5
2021-06-19,15.700000000000001
2021-06-20,13.5
2021-06-21,11.620000000000001
2021-06-22,9.75
2021-06-23,10.7
2021-06-24,6.800000000000001
2021-06-25,9.15
2021-06-26,13.85
2021-06-27,15.14
2021-06-28,18.0
2021-06-29,13.7
2021-06-30,12.8
2021-07-01,13.65
2021-07-02,13.1
2021-07-03,11.5
2021-07-04,48.6
2021-07-05,20.3
2021-07-06,13.2
2021-07-07,15.25
2021-07-08,17.4
2021-07-09,14.24
2021-07-10,17.25
2021-07-11,18.15
2021-07-12,15.600000000000001
2021-07-13,16.1
2021-07-14,13.05
2021-07-15,10.059999999999999
2021-07-16,12.100000000000001
2021-07-17,12.899999999999999
2021-07-18,13.15
2021-07-19,13.8
2021-07-20,13.95
2021-07-21,16.96
2021-07-22,20.799999999999997
2021-07-23,21.049999999999997
2021-07-24,19.65
2021-07-25,15.45
2021-07-26,13.299999999999999
2021-07-27,10.08
2021-07-28,11.399999999999999
2021-07-29,13.549999999999999
2021-07-30,13.5
2021-07-31,11.850000000000001
2021-08-01,12.600000000000001
2021-08-02,11.86
2021-08-03,11.0
2021-08-04,12.5
2021-08-05,14.5
2021-08-06,16.85
2021-08-07,15.25
2021-08-08,14.7
2021-08-09,14.25
2021-08-10,10.55
2021-08-11,11.0
2021-08-12,12.0
2021-08-13,11.100000000000001
2021-08-14,12.4
2021-08-15,11.899999999999999
2021-08-16,13.05
2021-08-17,12.0
2021-08-18,7.550000000000001
2021-08-19,6.0
2021-08-20,7.12
2021-08-21,8.35
2021-08-22,13.8
2021-08-23,14.95
2021-08-24,12.8
2021-08-25,15.25
2021-08-26,20.7
2021-08-27,18.7
2021-08-28,15.2
2021-08-29,14.6
2021-08-30,18.3
2021-08-31,21.95
2021-09-01,15.3
2021-09-02,13.5
2021-09-03,17.05
2021-09-04,16.05
2021-09-05,14.4
2021-09-06,19.35
2021-09-07,16.54
2021-09-08,16.35
2021-09-09,11.350000000000001
2021-09-10,10.350000000000001
2021-09-11,12.65
2021-09-12,14.75
2021-09-13,12.98
2021-09-14,16.75
2021-09-15,17.299999999999997
2021-09-16,14.149999999999999
2021-09-17,12.6
2021-09-18,10.1
2021-09-19,13.919999999999998
2021-09-20,14.45
2021-09-21,14.55
2021-09-22,11.3
2021-09-23,13.2
2021-09-24,14.2
2021-09-25,11.26
2021-09-26,12.649999999999999
2021-09-27,10.65
2021-09-28,8.45
2021-09-29,10.35
2021-09-30,12.649999999999999
2021-10-01,11.64
2021-10-02,11.65
2021-10-03,12.5
2021-10-04,11.25
2021-10-05,8.05
2021-10-06,12.75
2021-10-07,10.8
2021-10-08,4.699999999999999
2021-10-09,8.05
2021-10-10,11.600000000000001
2021-10-11,14.9
2021-10-12,7.1
2021-10-13,11.280000000000001
2021-10-14,14.149999999999999
2021-10-15,10.05
2021-10-16,8.4
2021-10-17,10.25
2021-10-18,5.7
2021-10-19,9.6
2021-10-20,9.350000000000001
2021-10-21,11.0
2021-10-22,13.85
2021-10-23,8.2
2021-10-24,7.35
2021-10-25,6.44
2021-10-26,7.7
2021-10-27,8.4
2021-10-28,8.2
2021-10-29,11.95
2021-10-30,21.299999999999997
2021-10-31,18.96
2021-11-01,21.2
2021-11-02,18.299999999999997
2021-11-03,22.950000000000003
2021-11-04,31.799999999999997
2021-11-05,42.099999999999994
2021-11-06,58.9
2021-11-07,50.3
2021-11-08,27.549999999999997
2021-11-09,16.35
2021-11-10,22.65
2021-11-11,7.75
2021-11-12,7.4799999999999995
2021-11-13,8.3
2021-11-14,13.55
2021-11-15,14.899999999999999
2021-11-16,28.65
2021-11-17,26.8
2021-11-18,28.25
2021-11-19,39.849999999999994
2021-11-20,47.05
2021-11-21,12.9
2021-11-22,6.35
2021-11-23,9.0
2021-11-24,10.92
2021-11-25,10.45
2021-11-26,9.5
2021-11-27,13.6
2021-11-28,17.1
2021-11-29,19.9
2021-11-30,38.725
2021-12-01,42.5
2021-12-02,40.25
2021-12-03,53.55
2021-12-04,43.8
2021-12-05,41.400000000000006
2021-12-06,39.58
2021-12-07,21.25
2021-12-08,19.65
2021-12-09,4.65
2021-12-10,9.0
2021-12-11,7.95
2021-12-12,11.940000000000001
2021-12-13,14.6
2021-12-14,3.0
2021-12-15,7.050000000000001
2021-12-16,10.6
2021-12-17,12.2
2021-12-18,8.559999999999999
2021-12-19,14.95
2021-12-20,21.45
2021-12-21,13.75
2021-12-22,22.4
2021-12-23,10.649999999999999
2021-12-24,6.0
2021-12-25,9.2
2021-12-26,4.9
2021-12-27,7.75
2021-12-28,6.699999999999999
2021-12-29,5.85
2021-12-30,3.525
2021-12-31,9.1
2022-01-01,11.75
2022-01-02,6.6
2022-01-03,8.2
2022-01-04,15.95
2022-01-05,24.68
2022-01-06,21.3
2022-01-07,30.6
2022-01-08,16.0
2022-01-09,13.2
2022-01-10,5.0
2022-01-11,5.720000000000001
2022-01-12,7.55
2022-01-13,15.4
2022-01-14,19.5
2022-01-15,9.4
2022-01-16,6.25
2022-01-17,12.68
2022-01-18,12.0
2022-01-19,17.700000000000003
2022-01-20,9.35
2022-01-21,7.2
2022-01-22,4.65
2022-01-23,6.9799999999999995
2022-01-24,10.2
2022-01-25,15.6
2022-01-26,12.25
2022-01-27,8.600000000000001
2022-01-28,8.0
2022-01-29,9.16
2022-01-30,11.0
2022-01-31,21.049999999999997
2022-02-01,19.75
2022-02-02,12.6
2022-02-03,9.2
2022-02-04,9.1
2022-02-05,8.899999999999999
2022-02-06,10.399999999999999
2022-02-07,7.6
2022-02-08,7.75
2022-02-09,8.25
2022-02-10,8.68
2022-02-11,10.45
2022-02-12,8.399999999999999
2022-02-13,7.75
2022-02-14,12.0
2022-02-15,6.55
2022-02-16,7.12
2022-02-17,7.0
2022-02-18,6.95
2022-02-19,8.55
2022-02-20,16.9
2022-02-21,9.75
2022-02-22,5.16
2022-02-23,2.8
2022-02-24,5.85
2022-02-25,9.6
2022-02-26,9.05
2022-02-27,6.15
2022-02-28,7.9
2022-03-01,7.15
2022-03-02,13.05
2022-03-03,16.3
2022-03-04,6.2
2022-03-05,6.25
2022-03-06,7.4
2022-03-07,9.25
2022-03-08,7.55
2022-03-09,9.5
2022-03-10,13.55
2022-03-11,9.25
2022-03-12,7.5200000000000005
2022-03-13,11.5
2022-03-14,12.1
2022-03-15,14.05
2022-03-16,9.2
2022-03-17,11.7
2022-03-18,12.620000000000001
2022-03-19,13.100000000000001
2022-03-20,3.8
2022-03-21,12.75
2022-03-22,11.45
2022-03-23,8.05
2022-03-24,10.28
2022-03-25,14.5
2022-03-26,17.85
2022-03-27,8.85
2022-03-28,6.15
2022-03-29,7.65
2022-03-30,9.5
2022-03-31,11.25
2022-04-01,12.9
2022-04-02,13.0
2022-04-03,10.399999999999999
2022-04-04,14.950000000000001
2022-04-05,15.625
2022-04-06,16.75
2022-04-07,13.45
2022-04-08,10.6
2022-04-09,19.049999999999997
2022-04-10,20.549999999999997
2022-04-11,14.719999999999999
2022-04-12,4.85
2022-04-13,8.5
2022-04-14,10.75
2022-04-15,9.75
2022-04-16,6.15
2022-04-17,7.720000000000001
2022-04-18,11.05
2022-04-19,9.3
2022-04-20,7.45
2022-04-21,5.85
2022-04-22,6.75
2022-04-23,9.9
2022-04-24,7.0
2022-04-25,8.15
2022-04-26,15.149999999999999
2022-04-27,18.9
2022-04-28,15.5
2022-04-29,15.040000000000001
2022-04-30,16.7
2022-05-01,17.05
2022-05-02,14.35
2022-05-03,14.0
2022-05-04,16.9
2022-05-05,18.54
2022-05-06,15.05
2022-05-07,12.399999999999999
2022-05-08,11.7
2022-05-09,10.55
2022-05-10,9.2
2022-05-11,5.92
2022-05-12,7.949999999999999
2022-05-13,10.2
2022-05-14,12.899999999999999
2022-05-15,18.3
2022-05-16,15.1
2022-05-17,13.3
2022-05-18,16.25
2022-05-19,17.5
2022-05-20,6.65
2022-05-21,7.05
2022-05-22,12.25
2022-05-23,17.04
2022-05-24,19.85
2022-05-25,21.45
2022-05-26,14.9
2022-05-27,8.65
2022-05-28,7.65
2022-05-29,7.779999999999999
2022-05-30,13.05
2022-05-31,16.9
2022-06-01,19.0
2022-06-02,19.1
2022-06-03,14.2
2022-06-04,9.52
2022-06-05,7.949999999999999
2022-06-06,8.05
2022-06-07,13.0
2022-06-08,14.4
2022-06-09,17.85
2022-06-10,18.0
2022-06-11,12.350000000000001
2022-06-12,13.700000000000001
2022-06-13,8.1
2022-06-14,12.55
2022-06-15,16.8
2022-06-16,18.740000000000002
2022-06-17,12.399999999999999
2022-06-18,9.8
2022-06-19,10.850000000000001
2022-06-20,13.8
2022-06-21,18.75
2022-06-22,16.34
2022-06-23,14.149999999999999
2022-06-24,13.95
2022-06-25,14.2
2022-06-26,15.75
2022-06-27,14.6
2022-06-28,14.36
2022-06-29,15.35
2022-06-30,16.25
2022-07-01,14.7
2022-07-02,12.55
2022-07-03,11.100000000000001
2022-07-04,22.94
2022-07-05,34.8
2022-07-06,7.1
2022-07-07,8.55
2022-07-08,10.4
2022-07-09,11.55
2022-07-10,11.620000000000001
2022-07-11,13.399999999999999
2022-07-12,12.85
2022-07-13,8.95
2022-07-14,7.95
2022-07-15,10.85
2022-07-16,13.879999999999999
2022-07-17,12.7
2022-07-18,11.95
2022-07-19,10.5
2022-07-20,11.600000000000001
2022-07-21,11.850000000000001
2022-07-22,12.08
2022-07-23,14.05
2022-07-24,14.5
2022-07-25,12.75
2022-07-26,11.95
2022-07-27,9.95
2022-07-28,9.5
2022-07-29,8.85
2022-07-30,9.35
2022-07-31,7.800000000000001
2022-08-01,7.85
2022-08-02,7.4
2022-08-03,9.12
2022-08-04,10.8
2022-08-05,9.15
2022-08-06,10.2
2022-08-07,12.3
2022-08-08,14.05
2022-08-09,12.0
2022-08-10,12.05
2022-08-11,10.4
2022-08-12,13.149999999999999
2022-08-13,14.3
2022-08-14,14.95
2022-08-15,16.380000000000003
2022-08-16,13.95
2022-08-17,10.35
2022-08-18,8.7
2022-08-19,11.5
2022-08-20,11.0
2022-08-21,11.059999999999999
2022-08-22,9.25
2022-08-23,14.3
2022-08-24,11.25
2022-08-25,10.55
2022-08-26,9.7
2022-08-27,9.719999999999999
2022-08-28,7.25
2022-08-29,9.7
2022-08-30,15.65
2022-08-31,16.15
2022-09-01,17.7
2022-09-02,15.940000000000001
2022-09-03,14.45
2022-09-04,11.65
2022-09-05,12.25
2022-09-06,13.95
2022-09-07,16.6
2022-09-08,14.080000000000002
2022-09-09,8.1
2022-09-10,6.8
2022-09-11,5.25
2022-09-12,5.7
2022-09-13,12.85
2022-09-14,10.5
2022-09-15,10.35
2022-09-16,13.7
2022-09-17,13.4
2022-09-18,9.65
2022-09-19,5.550000000000001
2022-09-20,4.4
2022-09-21,5.449999999999999
2022-09-22,8.05
2022-09-23,11.0
2022-09-24,11.149999999999999
2022-09-25,12.75
2022-09-26,13.8
2022-09-27,14.2
2022-09-28,15.95
2022-09-29,13.95
2022-09-30,12.149999999999999
2022-10-01,9.55
2022-10-02,8.68
2022-10-03,9.4
2022-10-04,12.4
2022-10-05,17.3
2022-10-06,19.25
2022-10-07,20.85
2022-10-08,21.22
2022-10-09,15.15
2022-10-10,15.5
2022-10-11,12.399999999999999
2022-10-12,10.45
2022-10-13,22.4
2022-10-14,13.440000000000001
2022-10-15,6.2
2022-10-16,6.300000000000001
2022-10-17,8.65
2022-10-18,11.600000000000001
2022-10-19,7.2
2022-10-20,9.28
2022-10-21,11.8
2022-10-22,9.95
2022-10-23,7.35
2022-10-24,7.65
2022-10-25,8.1
2022-10-26,9.95
2022-10-27,13.7
2022-10-28,15.7
2022-10-29,14.95
2022-10-30,14.6
2022-10-31,15.850000000000001
2022-11-01,12.84
2022-11-02,4.8
2022-11-03,3.2
2022-11-04,5.4
2022-11-05,10.95
2022-11-06,11.55
2022-11-07,7.58
2022-11-08,3.5
2022-11-09,4.9
2022-11-10,7.449999999999999
2022-11-11,7.0
2022-11-12,9.95
2022-11-13,9.72
2022-11-14,8.6
2022-11-15,9.399999999999999
2022-11-16,8.850000000000001
2022-11-17,8.55
2022-11-18,13.8
2022-11-19,10.059999999999999
2022-11-20,8.9
2022-11-21,7.6
2022-11-22,8.35
2022-11-23,17.4
2022-11-24,17.15
2022-11-25,8.879999999999999
2022-11-26,11.85
2022-11-27,16.9
2022-11-28,15.5
2022-11-29,13.0
2022-11-30,11.5
2022-12-01,5.46
2022-12-02,6.0
2022-12-03,7.7
2022-12-04,9.65
2022-12-05,5.25
2022-12-06,7.25
2022-12-07,9.8
2022-12-08,8.0
2022-12-09,12.9
2022-12-10,11.25
2022-12-11,5.05
2022-12-12,5.5
2022-12-13,9.68
2022-12-14,11.95
2022-12-15,12.95
2022-12-16,9.25
2022-12-17,9.100000000000001
2022-12-18,10.9
2022-12-19,19.82
2022-12-20,12.65
2022-12-21,14.4
2022-12-22,16.950000000000003
2022-12-23,27.5
2022-12-24,18.0
2022-12-25,8.0
2022-12-26,7.85
2022-12-27,14.35
2022-12-28,8.25
2022-12-29,9.8
2022-12-30,10.3
2022-12-31,4.0
2023-01-01,4.3
2023-01-02,8.85
2023-01-03,4.449999999999999
2023-01-04,4.300000000000001
2023-01-05,6.45
2023-01-06,10.0
2023-01-07,10.05
2023-01-08,15.4
2023-01-09,7.05
2023-01-10,5.300000000000001
2023-01-11,10.899999999999999
2023-01-12,7.1
2023-01-13,9.6
2023-01-14,11.25
2023-01-15,5.7
2023-01-16,3.4
2023-01-17,4.699999999999999
2023-01-18,7.640000000000001
2023-01-19,9.3
2023-01-20,9.4
2023-01-21,9.7
2023-01-22,12.15
2023-01-23,6.1
2023-01-24,8.72
2023-01-25,10.5
2023-01-26,9.3
2023-01-27,9.5
2023-01-28,12.8
2023-01-29,5.4
2023-01-30,5.540000000000001
2023-01-31,9.85
2023-02-01,9.0
2023-02-02,11.8
2023-02-03,9.05
2023-02-04,13.95
2023-02-05,14.080000000000002
2023-02-06,3.7
2023-02-07,7.449999999999999
2023-02-08,8.8
2023-02-09,10.9
2023-02-10,7.05
2023-02-11,8.48
2023-02-12,8.600000000000001
2023-02-13,8.65
2023-02-14,8.3
2023-02-15,5.4
2023-02-16,6.65
2023-02-17,7.3
2023-02-18,10.5
2023-02-19,13.5
2023-02-20,11.649999999999999
2023-02-21,13.75
2023-02-22,6.55
2023-02-23,4.875
2023-02-24,4.95
2023-02-25,3.35
2023-02-26,7.55
2023-02-27,7.9
2023-02-28,5.05
2023-03-01,2.875
2023-03-02,6.449999999999999
2023-03-03,12.0
2023-03-04,12.55
2023-03-05,9.25
2023-03-06,4.65
2023-03-07,6.92
2023-03-08,9.05
2023-03-09,10.05
2023-03-10,6.45
2023-03-11,5.15
2023-03-12,5.2
2023-03-13,8.45
2023-03-14,11.899999999999999
2023-03-15,5.6
2023-03-16,8.65
2023-03-17,14.350000000000001
2023-03-18,9.95
2023-03-19,9.879999999999999
2023-03-20,4.8
2023-03-21,5.65
2023-03-22,5.8
2023-03-23,6.2
2023-03-24,4.9
2023-03-25,6.459999999999999
2023-03-26,6.6
2023-03-27,8.7
2023-03-28,7.8
2023-03-29,6.050000000000001
2023-03-30,4.9
2023-03-31,8.3
2023-04-01,9.4
2023-04-02,11.5
2023-04-03,5.0
2023-04-04,3.8
2023-04-05,7.85
2023-04-06,6.92
2023-04-07,10.55
2023-04-08,9.850000000000001
2023-04-09,15.2
2023-04-10,23.25
2023-04-11,30.0
2023-04-12,11.0
2023-04-13,10.7
2023-04-14,11.2
2023-04-15,12.35
2023-04-16,12.95
2023-04-17,17.549999999999997
2023-04-18,10.55
2023-04-19,10.3
2023-04-20,12.2
2023-04-21,10.6
2023-04-22,14.700000000000001
2023-04-23,15.149999999999999
2023-04-24,14.7
2023-04-25,13.7
2023-04-26,17.4
2023-04-27,25.0
2023-04-28,24.549999999999997
2023-04-29,21.8
2023-04-30,18.82
2023-05-01,5.550000000000001
2023-05-02,4.05
2023-05-03,4.75
2023-05-04,3.3
2023-05-05,5.4
2023-05-06,5.0600000000000005
2023-05-07,6.300000000000001
2023-05-08,8.55
2023-05-09,9.1
2023-05-10,8.399999999999999
2023-05-11,9.5
2023-05-12,13.75
2023-05-13,19.2
2023-05-14,14.5
2023-05-15,19.6
2023-05-16,10.15
2023-05-17,13.55
2023-05-18,15.24
2023-05-19,17.950000000000003
2023-05-20,15.350000000000001
2023-05-21,14.7
2023-05-22,13.7
2023-05-23,7.9
2023-05-24,7.24
2023-05-25,6.8
2023-05-26,6.15
2023-05-27,6.9
2023-05-28,8.25
2023-05-29,6.55
2023-05-30,5.7
2023-05-31,4.8
2023-06-01,7.6
2023-06-02,9.65
2023-06-03,12.850000000000001
2023-06-04,15.350000000000001
2023-06-05,9.14
2023-06-06,6.75
2023-06-07,5.2
2023-06-08,6.199999999999999
2023-06-09,8.1
2023-06-10,8.75
2023-06-11,4.3
2023-06-12,4.699999999999999
2023-06-13,5.15
2023-06-14,10.05
2023-06-15,6.0
2023-06-16,9.0
2023-06-17,10.52
2023-06-18,12.0
2023-06-19,8.7
2023-06-20,11.55
2023-06-21,12.3
2023-06-22,12.15
2023-06-23,8.86
2023-06-24,9.75
2023-06-25,11.15
2023-06-26,10.2
2023-06-27,11.6
2023-06-28,11.05
2023-06-29,12.48
2023-06-30,16.35
2023-07-01,18.9
2023-07-02,14.8
2023-07-03,16.15
2023-07-04,28.549999999999997
2023-07-05,27.325000000000003
2023-07-06,14.95
2023-07-07,12.3
2023-07-08,13.65
2023-07-09,15.15
2023-07-10,13.7
2023-07-11,13.625
2023-07-12,9.7
2023-07-13,9.5
2023-07-14,11.55
2023-07-15,16.4
2023-07-16,15.0
2023-07-17,13.940000000000001
2023-07-18,10.6
2023-07-19,10.7
2023-07-20,14.9
2023-07-21,16.3
2023-07-22,16.5
2023-07-23,14.38
2023-07-24,14.75
2023-07-25,15.200000000000001
2023-07-26,16.6
2023-07-27,18.3
2023-07-28,17.65
2023-07-29,18.65
2023-07-30,18.0
2023-07-31,17.75
2023-08-01,19.4
2023-08-02,14.9
2023-08-03,11.75
2023-08-04,11.92
2023-08-05,15.0
2023-08-06,18.2
2023-08-07,17.049999999999997
2023-08-08,11.55
2023-08-09,10.65
2023-08-10,7.12
2023-08-11,7.199999999999999
2023-08-12,9.649999999999999
2023-08-13,9.55
2023-08-14,8.55
2023-08-15,8.85
2023-08-16,10.040000000000001
2023-08-17,11.4
2023-08-18,10.05
2023-08-19,8.8
2023-08-20,4.75
2023-08-21,3.85
2023-08-22,8.959999999999999
2023-08-23,11.05
2023-08-24,11.9
2023-08-25,9.45
2023-08-26,12.149999999999999
2023-08-27,13.75
2023-08-28,16.580000000000002
2023-08-29,17.2
2023-08-30,18.95
2023-08-31,19.85
2023-09-01,16.15
2023-09-02,6.9
2023-09-03,8.219999999999999
2023-09-04,8.8
2023-09-05,9.7
2023-09-06,9.45
2023-09-07,13.15
2023-09-08,13.25
2023-09-09,12.040000000000001
2023-09-10,12.4
2023-09-11,15.85
2023-09-12,15.0
2023-09-13,11.65
2023-09-14,10.55
2023-09-15,13.2
2023-09-16,10.350000000000001
2023-09-17,5.949999999999999
2023-09-18,7.699999999999999
2023-09-19,10.55
2023-09-20,9.85
2023-09-21,18.16
2023-09-22,21.55
2023-09-23,24.0
2023-09-24,25.25
2023-09-25,22.4
2023-09-26,14.2
2023-09-27,13.819999999999999
2023-09-28,14.100000000000001
2023-09-29,10.9
2023-09-30,6.45
2023-10-01,6.25
2023-10-02,8.8
2023-10-03,11.62
2023-10-04,10.8
2023-10-05,9.2
2023-10-06,11.0
2023-10-07,15.9
2023-10-08,16.75
2023-10-09,20.119999999999997
2023-10-10,9.3
2023-10-11,9.2
2023-10-12,13.1
2023-10-13,13.1
2023-10-14,14.7
2023-10-15,11.459999999999999
2023-10-16,13.8
2023-10-17,18.700000000000003
2023-10-18,18.45
2023-10-19,15.05
2023-10-20,15.649999999999999
2023-10-21,11.7
2023-10-22,6.65
2023-10-23,6.3
2023-10-24,8.3
2023-10-25,7.699999999999999
2023-10-26,8.4
2023-10-27,10.26
2023-10-28,10.649999999999999
2023-10-29,10.45
2023-10-30,8.9
2023-10-31,7.15
2023-11-01,6.75
2023-11-02,9.6
2023-11-03,17.55
2023-11-04,20.1
2023-11-05,22.1
2023-11-06,14.85
2023-11-07,5.85
2023-11-08,6.58
2023-11-09,6.4
2023-11-10,8.95
2023-11-11,11.2
2023-11-12,7.65
2023-11-13,11.85
2023-11-14,10.459999999999999
2023-11-15,8.899999999999999
2023-11-16,6.35
2023-11-17,8.350000000000001
2023-11-18,5.0
2023-11-19,3.9
2023-11-20,10.925
2023-11-21,7.5
2023-11-22,5.05
2023-11-23,7.0
2023-11-24,10.25
2023-11-25,9.649999999999999
2023-11-26,6.08
2023-11-27,5.75
2023-11-28,7.5
2023-11-29,7.5
2023-11-30,8.4
2023-12-01,5.65
2023-12-02,11.22
2023-12-03,16.85
2023-12-04,14.149999999999999
2023-12-05,8.7
2023-12-06,9.649999999999999
2023-12-07,11.8
2023-12-08,11.26
2023-12-09,10.8
2023-12-10,6.550000000000001
2023-12-11,11.45
2023-12-12,18.75
2023-12-13,20.25
2023-12-14,10.879999999999999
2023-12-15,8.05
2023-12-16,8.4
2023-12-17,11.05
2023-12-18,13.55
2023-12-19,12.0
2023-12-20,9.16
2023-12-21,4.9
2023-12-22,4.55
2023-12-23,10.7
2023-12-24,13.899999999999999
2023-12-25,18.9
2023-12-26,24.1
2023-12-27,18.4
2023-12-28,25.45
2023-12-29,21.85
2023-12-30,13.55
2023-12-31,12.0
2024-01-01,15.559999999999999
2024-01-02,12.899999999999999
2024-01-03,7.6
2024-01-04,5.6
2024-01-05,9.649999999999999
2024-01-06,10.100000000000001
2024-01-07,2.8
2024-01-08,6.0
2024-01-09,8.55
2024-01-10,12.85
2024-01-11,4.85
2024-01-12,8.5
2024-01-13,14.64
2024-01-14,18.4
2024-01-15,23.85
2024-01-16,21.450000000000003
2024-01-17,25.25
2024-01-18,20.55
2024-01-19,19.6
2024-01-20,12.1
2024-01-21,6.15
2024-01-22,4.6
2024-01-23,8.15
2024-01-24,9.35
2024-01-25,7.359999999999999
2024-01-26,8.75
2024-01-27,9.5
2024-01-28,8.4
2024-01-29,7.8
2024-01-30,11.4
2024-01-31,15.12
2024-02-01,5.5
2024-02-02,6.949999999999999
2024-02-03,6.6
2024-02-04,4.0
2024-02-05,2.95
2024-02-06,4.7
2024-02-07,4.55
2024-02-08,4.65
2024-02-09,3.8
2024-02-10,6.5
2024-02-11,7.05
2024-02-12,8.0
2024-02-13,9.55
2024-02-14,13.350000000000001
2024-02-15,9.0
2024-02-16,16.15
2024-02-17,24.55
2024-02-18,8.6
2024-02-19,2.9
2024-02-20,3.4
2024-02-21,3.7
2024-02-22,9.399999999999999
2024-02-23,6.800000000000001
2024-02-24,8.14
2024-02-25,11.2
2024-02-26,13.25
2024-02-27,11.850000000000001
2024-02-28,11.15
2024-02-29,9.5
2024-03-01,3.7
2024-03-02,2.4
2024-03-03,4.25
2024-03-04,7.2
2024-03-05,7.15
2024-03-06,4.2
2024-03-07,5.0200000000000005
2024-03-08,9.5
2024-03-09,9.55
2024-03-10,7.55
2024-03-11,6.85
2024-03-12,6.15
2024-03-13,7.58
2024-03-14,7.1
2024-03-15,5.5
2024-03-16,6.550000000000001
2024-03-17,8.9
2024-03-18,10.55
2024-03-19,10.24
2024-03-20,17.15
2024-03-21,18.75
2024-03-22,19.1
2024-03-23,4.7
2024-03-24,2.75
2024-03-25,5.36
2024-03-26,8.05
2024-03-27,11.3
2024-03-28,10.3
2024-03-29,5.8
2024-03-30,2.6500000000000004
2024-03-31,2.68
2024-04-01,5.6
2024-04-02,8.1
2024-04-03,8.8
2024-04-04,6.15
2024-04-05,3.8
2024-04-06,5.35
2024-04-07,7.1
2024-04-08,7.2
2024-04-09,6.5
2024-04-10,12.55
2024-04-11,18.45
2024-04-12,16.86
2024-04-13,5.9
2024-04-14,6.7
2024-04-15,6.7
2024-04-16,8.7
2024-04-17,10.35
2024-04-18,16.5
2024-04-19,12.85
2024-04-20,15.8
2024-04-21,18.1
2024-04-22,22.75
2024-04-23,6.85
2024-04-24,7.26
2024-04-25,5.449999999999999
2024-04-26,8.25
2024-04-27,8.2
2024-04-28,10.35
2024-04-29,13.5
2024-04-30,13.52
2024-05-01,15.0
2024-05-02,17.450000000000003
2024-05-03,13.25
2024-05-04,9.600000000000001
2024-05-05,8.13
2024-05-06,6.659999999999999
2024-05-07,9.4
2024-05-08,12.399999999999999
2024-05-09,14.3
2024-05-10,14.25
2024-05-11,12.100000000000001
2024-05-12,15.88
2024-05-13,11.7
2024-05-14,11.649999999999999
2024-05-15,8.25
2024-05-16,8.0
2024-05-17,7.6
2024-05-18,7.06
2024-05-19,7.6000000000000005
2024-05-20,7.6
2024-05-21,12.35
2024-05-22,17.2
2024-05-23,11.45
2024-05-24,12.6
2024-05-25,6.55
2024-05-26,7.65
2024-05-27,13.35
2024-05-28,15.899999999999999
2024-05-29,12.5
2024-05-30,17.860000000000003
2024-05-31,18.799999999999997
2024-06-01,12.350000000000001
2024-06-02,7.699999999999999
2024-06-03,11.600000000000001
2024-06-04,14.8
2024-06-05,19.22
2024-06-06,15.75
2024-06-07,8.85
2024-06-08,7.3
2024-06-09,5.9
2024-06-10,11.399999999999999
2024-06-11,15.66
2024-06-12,9.05
2024-06-13,10.5
2024-06-14,11.95
2024-06-15,18.25
2024-06-16,18.85
2024-06-17,18.16
2024-06-18,17.95
2024-06-19,16.65
2024-06-20,15.05
2024-06-21,14.2
2024-06-22,17.3
2024-06-23,11.879999999999999
2024-06-24,10.1
2024-06-25,13.75
2024-06-26,13.850000000000001
2024-06-27,12.2
2024-06-28,13.55
2024-06-29,14.040000000000001
2024-06-30,14.45
2024-07-01,12.5
2024-07-02,15.15
2024-07-03,11.5
2024-07-04,41.35
2024-07-05,57.14
2024-07-06,13.95
2024-07-07,11.5
2024-07-08,11.100000000000001
2024-07-09,14.5
2024-07-10,13.75
2024-07-11,14.575000000000001
2024-07-12,14.149999999999999
2024-07-13,14.0
2024-07-14,11.75
2024-07-15,10.4
2024-07-16,8.3
2024-07-17,8.64
2024-07-18,12.4
2024-07-19,26.15
2024-07-20,12.1
2024-07-21,13.85
2024-07-22,12.149999999999999
2024-07-23,9.379999999999999
2024-07-24,10.75
2024-07-25,14.149999999999999
2024-07-26,12.600000000000001
2024-07-27,15.1
2024-07-28,11.5
2024-07-29,9.1
2024-07-30,11.3
2024-07-31,10.0
2024-08-01,10.05
2024-08-02,10.6
2024-08-03,10.649999999999999
2024-08-04,10.84
2024-08-05,14.45
2024-08-06,14.3
2024-08-07,16.0
2024-08-08,14.75
2024-08-09,12.6
2024-08-10,13.62
2024-08-11,15.75
2024-08-12,13.0
2024-08-13,12.8
2024-08-14,15.55
2024-08-15,13.149999999999999
2024-08-16,12.88
2024-08-17,12.4
2024-08-18,11.45
2024-08-19,10.65
2024-08-20,11.7
2024-08-21,13.3
2024-08-22,11.940000000000001
2024-08-23,10.35
2024-08-24,10.8
2024-08-25,11.350000000000001
2024-08-26,11.649999999999999
2024-08-27,11.95
2024-08-28,15.080000000000002
2024-08-29,14.9
2024-08-30,12.05
2024-08-31,14.55
2024-09-01,16.1
2024-09-02,16.65
2024-09-03,15.26
2024-09-04,13.85
2024-09-05,15.35
2024-09-06,17.45
2024-09-07,20.05
2024-09-08,19.15
2024-09-09,13.76
2024-09-10,11.149999999999999
2024-09-11,11.05
2024-09-12,10.6
2024-09-13,12.3
2024-09-14,12.149999999999999
2024-09-15,7.94
2024-09-16,6.800000000000001
2024-09-17,8.5
2024-09-18,9.399999999999999
2024-09-19,8.1
2024-09-20,7.1
2024-09-21,12.120000000000001
2024-09-22,12.2
2024-09-23,13.8
2024-09-24,15.350000000000001
2024-09-25,15.350000000000001
2024-09-26,11.9
2024-09-27,15.680000000000001
2024-09-28,15.9
2024-09-29,12.45
2024-09-30,16.9
2024-10-01,12.95
2024-10-02,15.649999999999999
2024-10-03,18.28
2024-10-04,20.75
2024-10-05,20.35
2024-10-06,18.450000000000003
2024-10-07,15.25
2024-10-08,13.8
2024-10-09,29.439999999999998
2024-10-10,32.65
2024-10-11,17.4
2024-10-12,20.450000000000003
2024-10-13,17.15
2024-10-14,13.149999999999999
2024-10-15,23.56
2024-10-16,23.45
2024-10-17,9.850000000000001
2024-10-18,11.4
2024-10-19,10.8
2024-10-20,11.0
2024-10-21,10.95
2024-10-22,12.6
2024-10-23,15.4
2024-10-24,18.95
2024-10-25,22.9
2024-10-26,17.85
2024-10-27,19.86
2024-10-28,10.95
2024-10-29,7.2
2024-10-30,9.35
2024-10-31,8.55
2024-11-01,12.4
2024-11-02,11.34
2024-11-03,5.6
2024-11-04,8.25
2024-11-05,10.0
2024-11-06,9.35
2024-11-07,8.6
2024-11-08,8.540000000000001
2024-11-09,15.8
2024-11-10,23.6
2024-11-11,20.299999999999997
2024-11-12,8.55
2024-11-13,7.25
2024-11-14,9.58
2024-11-15,6.5
2024-11-16,8.1
2024-11-17,7.4
2024-11-18,13.0
2024-11-19,15.5
2024-11-20,11.3
2024-11-21,10.5
2024-11-22,14.350000000000001
2024-11-23,17.8
2024-11-24,7.65
2024-11-25,13.65
2024-11-26,11.5
2024-11-27,9.45
2024-11-28,7.75
2024-11-29,7.9
2024-11-30,7.85
2024-12-01,15.55
2024-12-02,16.9
2024-12-03,24.65
2024-12-04,42.1
2024-12-05,50.400000000000006
2024-12-06,28.65
2024-12-07,11.5
2024-12-08,17.86
2024-12-09,34.3
2024-12-10,14.8
2024-12-11,7.199999999999999
2024-12-12,10.100000000000001
2024-12-13,16.0
2024-12-14,14.3
2024-12-15,17.45
2024-12-16,11.7
2024-12-17,17.3
2024-12-18,10.45
2024-12-19,15.0
2024-12-20,34.94
2024-12-21,26.75
2024-12-22,33.099999999999994
2024-12-23,42.05
2024-12-24,28.9
2024-12-25,11.35
2024-12-26,14.719999999999999
2024-12-27,13.65
2024-12-28,21.9
2024-12-29,25.25
2024-12-30,30.25
2024-12-31,35.95
